<?xml version="1.0" encoding="UTF-8"?>
<project-private xmlns="http://www.netbeans.org/ns/project-private/1">
    <editor-bookmarks xmlns="http://www.netbeans.org/ns/editor-bookmarks/2" lastBookmarkId="0"/>
    <open-files xmlns="http://www.netbeans.org/ns/projectui-open-files/2">
        <group>
            <file>file:/C:/Users/Dane/Desktop/Web%20Programming/Week%204/PatawaranDanielAssignment1/public_html/index.html</file>
            <file>file:/C:/Users/Dane/Desktop/Web%20Programming/Week%204/PatawaranDanielAssignment1/public_html/css/cardstyle.css</file>
            <file>file:/C:/Users/Dane/Desktop/Web%20Programming/Week%204/PatawaranDanielAssignment1/public_html/javascript/cardscript.js</file>
        </group>
    </open-files>
</project-private>
